product_name,brand,customer_name,verified_purchase,rating,customer_review,helpful_votes,review_date,total_votes,review_length
"Xiaomi Mi A3 128GB + 4GB RAM, Triple Camera, 4G LTE Smartphone - International Global Version (Not just Blue)",Xiaomi,Amazon Customer,True,5,"This model is unlocked by manufacturer.. Quality of the camera is really good, but the speaker is located at the bottom of the device, it's not at upper right corner which is closed to our ear ! It was unlocked by the manufacturer but not compatible to all mobile carriers.",10.0,13-11-2019,15.0,273
"Xiaomi Mi A3 128GB + 4GB RAM, Triple Camera, 4G LTE Smartphone - International Global Version (Not just Blue)",Xiaomi,Tab,True,4,"Excellent for the cost. I am trying to train myself not to expect so much from a phone in this price bracket. However, I am warming up to this phone. I have never used Android One before. I kind of miss MIUI. MIUI is awesome. I may go back to a model that has it if I can't get used to Android One. It's not that it's bad it's just not what I am accustomed to. There are a few missing functions but there are some nice additions too. Also, the camera is better than you'd expect. It does seem to do some things slower than my mate 9. It takes too long to download apps sometimes. It hangs every once in a while. I'm hoping the Dec update addresses this. Over all I am okay with this purchase. This phone is very pixel like in the UI.",3.0,04-12-2019,5.0,733
"Xiaomi Mi A3 128GB + 4GB RAM, Triple Camera, 4G LTE Smartphone - International Global Version (Not just Blue)",Xiaomi,Evelyn Jim,True,5,"Excellent quality for such a price!. I'm in love! Great camara, fast, excellent volume, I love the color.",7.0,27-10-2019,9.0,105
"Xiaomi Mi A3 128GB + 4GB RAM, Triple Camera, 4G LTE Smartphone - International Global Version (Not just Blue)",Xiaomi,Ignacio G Garcia,True,4,Nice looking and fast. Really nice looking and fast phone! It really works for me. The only bad thing is that the screen is difficult to see when you are outside.,4.0,24-11-2019,6.0,162
"Xiaomi Mi A3 128GB + 4GB RAM, Triple Camera, 4G LTE Smartphone - International Global Version (Not just Blue)",Xiaomi,Yenifer Pereyra,True,5,"The best Price/ Qulity Phone. Excellent, the Amoled Screen, for me, is better than Redmo NOte 5 despite is 720p i can't notice this issue.",4.0,07-11-2019,6.0,138
"Xiaomi Mi A3 128GB + 4GB RAM, Triple Camera, 4G LTE Smartphone - International Global Version (Not just Blue)",Xiaomi,Douglas P.,True,5,"Lots of bang for your buck with minor gripes.. Wonderful phone for the price and Android ONE is a fine os. The camera shoots great photos, lacking a bit in low light conditions though. I find the finger print reader to be less than reliable but work keeps my hands rather dirty so that could just be me. Dual SIM or expansion slot, but who needs it at 128gb storage. The lower res screen hasn't been a bother to me at all and the screen is rather easy to see on sunny days. The IR blaster sounds gimmicky but I find it to be a very useful addition. I've owned the mi a1 and 2, xiaomi seems to make quality phones. My only real gripe for the phone would be The charging port and headphone jack are on opposite ends of the phone. Finger print reader isn't on par compared to my a1 and my camera app gives me a crash notification after I plug it in 75% of the time (doesn't seem to effect the camera but the notification is annoying). Do your research to see if the specs match your needs but you can't really beat this phone with a nice case and 2 screen protectors for 200$.",0.0,18-12-2019,2.0,1073
"Xiaomi Mi A3 128GB + 4GB RAM, Triple Camera, 4G LTE Smartphone - International Global Version (Not just Blue)",Xiaomi,Shiny ebert,True,5,best phone i have used... I am in love with the phone.. super quality... Loved it... thank u... and also it has good options as mentioned... delivery was done as expected...,3.0,19-11-2019,5.0,173
"Xiaomi Mi A3 128GB + 4GB RAM, Triple Camera, 4G LTE Smartphone - International Global Version (Not just Blue)",Xiaomi,Juan,True,5,"Env√≠o seguro. Llego todo bien, el color es hermoso",3.0,08-10-2019,5.0,50
"Xiaomi Mi A3 128GB + 4GB RAM, Triple Camera, 4G LTE Smartphone - International Global Version (Not just Blue)",Xiaomi,Mike,True,5,"SUCH a great phone for the price!. Love this thing.. Once I got one and my kids played with it, they both wanted one for themselves. My wife is ordering one next :) Love it!",1.0,04-12-2019,3.0,173
"Xiaomi Mi A3 128GB + 4GB RAM, Triple Camera, 4G LTE Smartphone - International Global Version (Not just Blue)",Xiaomi,Agustin Jose Javier Ramos,True,5,"Mi A3. Lo unico malo de este telefono es su cargador que no viene con el enchufe para de toma de corriente para USA sino trae un adaptador el cual se pierde muy facil, otra cosa la toma de corriente de donde se carga telefono es unica sino tienes el cargador que trae de serie con otro no puedes cargar la bateria.",1.0,14-12-2019,3.0,314
"Xiaomi Mi A3 128GB + 4GB RAM, Triple Camera, 4G LTE Smartphone - International Global Version (Not just Blue)",Xiaomi,Pablo,True,5,"Si t√∫ presupuesto es justo el valor de este m√≥vil, no lo dudes, adqui√©relo.. Criticado por su pantalla, en la pr√°ctica no existe un factor que materialice este ""defecto"". En su rango de precio lo recomiendo al 100%.",1.0,06-12-2019,3.0,215
"Xiaomi Mi A3 128GB + 4GB RAM, Triple Camera, 4G LTE Smartphone - International Global Version (Not just Blue)",Xiaomi,Ray,True,5,I like the product. Over the product is an outstanding product in the price range but since it doesn't work with network coverage such as straight talk make it difficult to appeal the general public.,2.0,28-11-2019,4.0,199
"Xiaomi Mi A3 128GB + 4GB RAM, Triple Camera, 4G LTE Smartphone - International Global Version (Not just Blue)",Xiaomi,Gisselle Garcia,True,5,"Best phone for this price. I advised my girl to buy this phone because I heard good things about it and it turned out eaven better than what people say the screen quality is good and once you get used to it it looks eaven better best phone you are going to find for this price, go for it works in the US great.",1.0,29-11-2019,3.0,310
"Xiaomi Mi A3 128GB + 4GB RAM, Triple Camera, 4G LTE Smartphone - International Global Version (Not just Blue)",Xiaomi,walter r.,True,5,"xiaomi mi a3. Excelente servicio de entrega de Amazon, vendedor impecable, el producto supero las expectativas, la pantalla tan cuestionada es de buena calidad y se ve perfecto, producto recomendable, la bater√≠a d√°ndole un uso normal, hasta 48 hs, de duraci√≥n. en resumen Muy Conforme con la compra.",1.0,01-12-2019,3.0,299
"Xiaomi Mi A3 128GB + 4GB RAM, Triple Camera, 4G LTE Smartphone - International Global Version (Not just Blue)",Xiaomi,Andrew,True,5,Premium. Minus an NFC chip this feels like a flagship phone. The 720 screen has not been an issue. Android one is perfect for my needs. The battery lasts all day!,0.0,11-12-2019,2.0,162
"Xiaomi Mi A3 128GB + 4GB RAM, Triple Camera, 4G LTE Smartphone - International Global Version (Not just Blue)",Xiaomi,Obasanjo festus Adeola,True,5,Good product. Good,2.0,08-11-2019,4.0,18
"Xiaomi Mi A3 128GB + 4GB RAM, Triple Camera, 4G LTE Smartphone - International Global Version (Not just Blue)",Xiaomi,nicanor,True,5,The camera. Love this phone,2.0,12-12-2019,4.0,27
"Xiaomi Mi A3 128GB + 4GB RAM, Triple Camera, 4G LTE Smartphone - International Global Version (Not just Blue)",Xiaomi,chimaraoke,True,1,too slow when in use. The phone is always hanging when in use,0.0,27-11-2019,2.0,61
"Xiaomi Mi A3 128GB + 4GB RAM, Triple Camera, 4G LTE Smartphone - International Global Version (Not just Blue)",Xiaomi,CARLOS,True,5,"EXCELENTISIMO. UNA INVERSION EXCELENTE Y POR EL PRECIO SUPER BIEN. DESCARGA E INSTALA APLICACIONES COMO UN RAYO, DE VERDAD MUY BUEN EQUIPO BUEN SONIDO EN GENERAL CUPER CONTENTO, MUY HERMOSO EL DISE√ëO EN BLANCO",0.0,04-12-2019,2.0,209
"Xiaomi Mi A3 128GB + 4GB RAM, Triple Camera, 4G LTE Smartphone - International Global Version (Not just Blue)",Xiaomi,Joseph F.,True,5,I recommend this. Thank you so much this phone is the best phone I've ever had. I compared it to my other phone it is the best one. I really like the camera and the in-display fingerprint. I recommend this to you guys,0.0,17-12-2019,2.0,217
"Xiaomi Mi A3 128GB + 4GB RAM, Triple Camera, 4G LTE Smartphone - International Global Version (Not just Blue)",Xiaomi,Ricardo Napp,True,5,Excellent. Excellent,0.0,17-11-2019,2.0,20
"Xiaomi Mi A3 128GB + 4GB RAM, Triple Camera, 4G LTE Smartphone - International Global Version (Not just Blue)",Xiaomi,MOHAMMED MOZAMMEL HAQUE,True,5,Coolest phone I ever seen. Coolest phone I ever seen,1.0,19-11-2019,3.0,52
"Xiaomi Mi A3 128GB + 4GB RAM, Triple Camera, 4G LTE Smartphone - International Global Version (Not just Blue)",Xiaomi,MANUEL YANES,True,5,"Todo perfecto. Recib√≠ el telefono varios dias despues. Alguien en donde vivo lo habia tomado y lo daba como perdido, pero el dispositivo esta en perfecto estado. Todo bien",0.0,16-10-2019,2.0,171
"Xiaomi Mi A3 128GB + 4GB RAM, Triple Camera, 4G LTE Smartphone - International Global Version (Not just Blue)",Xiaomi,SEBASTIAN,True,5,Excelente. Me agrada,1.0,20-09-2019,3.0,20
"Xiaomi Mi A3 128GB + 4GB RAM, Triple Camera, 4G LTE Smartphone - International Global Version (Not just Blue)",Xiaomi,Wilfredo Gonzalez,True,5,Great product. excellent cellphone. very fast delivery,0.0,06-12-2019,2.0,54
"Xiaomi Mi A3 128GB + 4GB RAM, Triple Camera, 4G LTE Smartphone - International Global Version (Not just Blue)",Xiaomi,Leia Santos,True,5,"Perfect. He's wonderful, too bad we can't activate the phone line.",0.0,19-12-2019,2.0,66
"Xiaomi Mi A3 128GB + 4GB RAM, Triple Camera, 4G LTE Smartphone - International Global Version (Not just Blue)",Xiaomi,roderick,True,5,Excelente producto calidad y precio. Buen tel√©fono no hay quejas. Destaca su c√°mara y es bastante r√°pido,0.0,19-11-2019,2.0,104
"Xiaomi Mi A3 128GB + 4GB RAM, Triple Camera, 4G LTE Smartphone - International Global Version (Not just Blue)",Xiaomi,Andr√©s Espinosa,True,3,No lleno expectativas. La calidad en la pantalla extropea la experiencia de usuraio,0.0,24-12-2019,2.0,83
"Xiaomi Mi A3 128GB + 4GB RAM, Triple Camera, 4G LTE Smartphone - International Global Version (Not just Blue)",Xiaomi,Yunier,True,5,Muy bueno. Me encant√≥ el tel√©fono... Es lo do trabaja muy bien lo recomiendo...,0.0,17-12-2019,2.0,79
"Xiaomi Mi A3 128GB + 4GB RAM, Triple Camera, 4G LTE Smartphone - International Global Version (Not just Blue)",Xiaomi,Allan Ric Renon,True,5,üëçüèª. üëçüèª,0.0,19-11-2019,2.0,6
"Xiaomi Mi A3 128GB + 4GB RAM, Triple Camera, 4G LTE Smartphone - International Global Version (Not just Blue)",Xiaomi,Darvin Giron,True,5,El mejor tel√©fono con Android One que pueda existir!!. Lamentablemente no cuenta con NFC.,0.0,18-12-2019,2.0,89
"Xiaomi Mi A3 128GB + 4GB RAM, Triple Camera, 4G LTE Smartphone - International Global Version (Not just Blue)",Xiaomi,Afanasiy,True,5,"OMG. This is an amazing phone, this can be compared to phones that cost $1,000.",0.0,24-12-2019,2.0,79
"Xiaomi Mi A3 128GB + 4GB RAM, Triple Camera, 4G LTE Smartphone - International Global Version (Not just Blue)",Xiaomi,jorge r.,True,5,Great phone.. It has a radio app that I have not seen in a smartphone.,0.0,10-12-2019,2.0,70
"Xiaomi Mi A3 128GB + 4GB RAM, Triple Camera, 4G LTE Smartphone - International Global Version (Not just Blue)",Xiaomi,Deybis Natan Yhanes,True,5,Bueno. Era lo que esperaba,0.0,29-11-2019,2.0,26
"Xiaomi Mi A3 128GB + 4GB RAM, Triple Camera, 4G LTE Smartphone - International Global Version (Not just Blue)",Xiaomi,User,True,5,Great Value. Great phone. Awesome camera.,0.0,12-12-2019,2.0,41
"Xiaomi Mi A3 128GB + 4GB RAM, Triple Camera, 4G LTE Smartphone - International Global Version (Not just Blue)",Xiaomi,Lucas Otero s,True,5,Excelente. Muy buen tel√©fono a bajo costo.,0.0,23-12-2019,2.0,42
"Xiaomi Mi A3 128GB + 4GB RAM, Triple Camera, 4G LTE Smartphone - International Global Version (Not just Blue)",Xiaomi,Suyash Patil,True,5,Perfect. Great Product!,0.0,18-11-2019,2.0,23
"Xiaomi Mi A3 128GB + 4GB RAM, Triple Camera, 4G LTE Smartphone - International Global Version (Not just Blue)",Xiaomi,eera1810,True,5,Excelente. Excelente en calidad precio,0.0,24-12-2019,2.0,38
"Xiaomi Mi A3 128GB + 4GB RAM, Triple Camera, 4G LTE Smartphone - International Global Version (Not just Blue)",Xiaomi,Victor Higuera,True,5,MI A3. Good product as described.,0.0,04-12-2019,2.0,33
"Xiaomi Mi A3 128GB + 4GB RAM, Triple Camera, 4G LTE Smartphone - International Global Version (Not just Blue)",Xiaomi,romer lopez,True,5,Todo bien. Todo bien,0.0,05-12-2019,2.0,20
"Xiaomi Mi A3 128GB + 4GB RAM, Triple Camera, 4G LTE Smartphone - International Global Version (Not just Blue)",Xiaomi,Yoshiyuki Nishimura,True,5,Perfect. Good cost performance.,0.0,06-12-2019,2.0,31
"Xiaomi Mi A3 128GB + 4GB RAM, Triple Camera, 4G LTE Smartphone - International Global Version (Not just Blue)",Xiaomi,Sujiv Shrestha,True,4,Nice. nice,0.0,09-11-2019,2.0,10
"Xiaomi Mi A3 128GB + 4GB RAM, Triple Camera, 4G LTE Smartphone - International Global Version (Not just Blue)",Xiaomi,TheGnz,False,5,"Very good.... A great phone. It's been a matter of debate the 720 screen but I can perfectly read all my ebooks without complains! And so a couple of friends who also purchased the Mi A3. The AMOLED and the screen resolution is great for battery life too. If you put a glass protector, you will notice that sometimes the fingerprint sensor has a hard time reading it. Be patient... For me the size is perfect. Not as big as the new Samsungs that are more phablets than phones nowadays.",9.0,14-09-2019,11.0,485
"Xiaomi Mi A3 128GB + 4GB RAM, Triple Camera, 4G LTE Smartphone - International Global Version (Not just Blue)",Xiaomi,Joel J John,False,1,"Stopped working after a week. I am disappointed. I received th phone and it worked great for a week. One day, the battery was low and when I came back to put it to charge the screen was black so I decided to turn it off to charge it. It never came back on. It did not respond to any of the hard resets. I left it to charge overnight hoping it would come back on. It never did. I really like the phone but I am scared to purchase one like it ever again. It is the first time I am trying Xiaomi and I fear I may never try it again, not even in another model.",4.0,22-09-2019,6.0,556
"Xiaomi Mi A3 128GB + 4GB RAM, Triple Camera, 4G LTE Smartphone - International Global Version (Not just Blue)",Xiaomi,Lizeth Marina,False,5,"love it!. I like all the phone, is nice and more of what I need, what is super nice is fast, a lot of storage, good looking and cheap dont really like the adapter, I would prefer a normal US adapter, but is not something to die about, the important one is the cell phone include everyting in the photo, I prepare myself and bought a few cases and glass just in case, and the cellphone includes one case thats great",1.0,04-12-2019,3.0,414
"Xiaomi Mi A3 128GB + 4GB RAM, Triple Camera, 4G LTE Smartphone - International Global Version (Not just Blue)",Xiaomi,daniel,False,3,"No trae aud√≠fonos. No trae aud√≠fonos , uno espera que por ese precio un celular ya debe traer Aud√≠fonos como m√≠nimo",1.0,10-09-2019,3.0,115
"Xiaomi Mi A3 128GB + 4GB RAM, Triple Camera, 4G LTE Smartphone - International Global Version (Not just Blue)",Xiaomi,Daniel Garcia,False,5,"Perfecto. Exactamente lo que ped√≠ me lleg√≥. Justo en el tiempo estipulado sin ning√∫n retraso. Me encant√≥ el celular, es bell√≠simo. Tiene una de las mejores c√°maras, y el vendedor es muy efectivo. GRACIAS.",0.0,22-11-2019,2.0,204
"Xiaomi Mi A3 128GB + 4GB RAM, Triple Camera, 4G LTE Smartphone - International Global Version (Not just Blue)",Xiaomi,RICHARD GARCIA,False,5,Excelente. Para regalar a mi hija,0.0,14-11-2019,2.0,33
"Xiaomi Mi A3 128GB + 4GB RAM, Triple Camera, 4G LTE Smartphone - International Global Version (Not just Blue)",Xiaomi,Chris,True,3,"Good value but not perfect. I'm a big Xiaomi fan and I wanted to like this but had to return it for a few reasons. #1. The EIS (electronic image stabilization) for video implemented in the software is basically non-functional in any of the resolutions in the Xiaomi camera. It may have just been me but it just didn't work unlike with my Redmi Note 7. This was the deal breaker defect that made me send the phone back. #2. The screen resolution though AMOLED is 720p. The color temperature is non-adjustable and it's very warm. When you can take pictures and video in 1080p and 4k it doesn't make sense to view them in 720p. Not to mention the screen in grainy; as one reviewer said somewhere, it's as f you can see the individual pixels. #3. Android One isn't all that. Think you'll like stock Android? Get ready to give up all of the little enhancements that the vendor adds to Android that makes it so entertaining and handy. The plus side! #1. The processor, the battery life, memory, and camera are all excellent as well as the build quality of the phone itself. #2. This phone is able to work easily with the Google Camera app that was modified for it (See XDA Developers for more info on GCam). This phone with the Pixel's portrait mode and night sight is a dream come true. Pixel features at Xiaomi prices. Overall, a phone with good bones but an ugly screen and a video recording software glitch. This is a rare misstep for Xiaomi but it's still a good value.",22.0,23-09-2019,27.0,1468
"Xiaomi Mi A3 128GB + 4GB RAM, Triple Camera, 4G LTE Smartphone - International Global Version (Not just Blue)",Xiaomi,Ben M.,True,5,"Super value for money. I have been impressed with this phone. It costs a fraction of the amount of the established brands and works really well. I am still getting around to configuring some of the finer points on the Android version installed. The only gripe is that the screen does not appear as bright as I expect in bright sunlight but that may just be my setup. I really like the crisp screen and camera, and the big 128GB memory! And the speed. Watching Netflix on the phone is super smooth and clear. The remote blaster is really convenient too. I bought two of these phones (one for my daughter) and she is also impressed. I did not look carefully at the specs and assumed that the protective case I was buying would fit. It didn't because the A3 and A3 Lite are different sizes. Overall this is a lovely phone which I can recommend. Make sure you buy the screen protectors too. I managed to scratch mine by the end of the day. I worry about large screen phones because they don't take kindly to bending. Obviously.",2.0,18-11-2019,4.0,1023
"Xiaomi Mi A3 128GB + 4GB RAM, Triple Camera, 4G LTE Smartphone - International Global Version (Not just Blue)",Xiaomi,expatBrit,True,5,"A lot of phone for the price.. I purchased this smartphone for my wife because she never has enough memory, 128GB storage plus SD card storage should be enough even for her. It's a nice premium looking phone at a budget price. One handed operation is easy because of the screen width. Absolutely no bloatware is awesome because it runs on vanilla Android, it's almost as if they were still making Nexus devices.",1.0,16-11-2019,3.0,411
"Xiaomi Mi A3 128GB + 4GB RAM, Triple Camera, 4G LTE Smartphone - International Global Version (Not just Blue)",Xiaomi,Diana,True,5,"Genial. Me encanta mi telefono, la c√°mara es de excelente resoluci√≥n, lo √∫nico malo es la huella digital en la parte frontal no siempre reconoce la huella y se femora, hay que acostumbrase a eso",1.0,07-12-2019,3.0,194
"Xiaomi Mi A3 128GB + 4GB RAM, Triple Camera, 4G LTE Smartphone - International Global Version (Not just Blue)",Xiaomi,YM,True,4,"Prefiero l√≠nea Redmi sobre la l√≠nea MI. La falta de dual aplicaciones es punto negativo y la complejidad para tener la opci√≥n Propietario e Invitado, es otro punto negativo. Deber√≠a ser m√°s sencillo.",0.0,22-12-2019,2.0,199
"Xiaomi Mi A3 128GB + 4GB RAM, Triple Camera, 4G LTE Smartphone - International Global Version (Not just Blue)",Xiaomi,Amazon Customer,True,5,"Elegante y aguantador.. Todo me gust√≥, el dise√±o, el tacto, algo resbaladizo , pero muy aguantador, ya se me cay√≥ 2 veces y ning√∫n rasgu√±o. excelente .",1.0,07-12-2019,3.0,151
"Xiaomi Mi A3 128GB + 4GB RAM, Triple Camera, 4G LTE Smartphone - International Global Version (Not just Blue)",Xiaomi,John B.,True,4,Best bang for the buck.. Excellent phone for the money. A lot of features and storage compared to the competition. Would recommend installing Google camera though as it is far superior to Xioami stock camera. Android One phone so all updated are guaranteed for at least 2 software cycles.,0.0,12-12-2019,2.0,288
"Xiaomi Mi A3 128GB + 4GB RAM, Triple Camera, 4G LTE Smartphone - International Global Version (Not just Blue)",Xiaomi,Juan Pinto,True,5,Great phone. Great phone,0.0,14-12-2019,2.0,24
"Xiaomi Mi A3 128GB + 4GB RAM, Triple Camera, 4G LTE Smartphone - International Global Version (Not just Blue)",Xiaomi,Lilit baytaryan,True,5,Goood. Everything is good,0.0,18-11-2019,2.0,25
"Xiaomi Mi A3 128GB + 4GB RAM, Triple Camera, 4G LTE Smartphone - International Global Version (Not just Blue)",Xiaomi,Cliente de Kindle,True,5,"Genial compra. Excelente me lleg√≥ en 2 d√≠as, es incre√≠ble, muchas gracias",0.0,17-10-2019,2.0,73
"Xiaomi Mi A3 128GB + 4GB RAM, Triple Camera, 4G LTE Smartphone - International Global Version (Not just Blue)",Xiaomi,gcr,True,5,"great value for the price. Similar performance as last year's iPhone, but cost MUCH less than one thousand dollar.",0.0,17-12-2019,2.0,114
"Xiaomi Mi A3 128GB + 4GB RAM, Triple Camera, 4G LTE Smartphone - International Global Version (Not just Blue)",Xiaomi,Anilkumar G,True,5,Auto call recording. It‚Äôs has auto voice call recording facility,0.0,16-12-2019,2.0,64
"Xiaomi Mi A3 128GB + 4GB RAM, Triple Camera, 4G LTE Smartphone - International Global Version (Not just Blue)",Xiaomi,Nadav Har'El,False,5,"A worthy successor to the great line of Android One phones. I got the Xiaomi A3 as a successor for a Xiaomi A1. The A1 was a fantastic phone for its price (a third of ""flagship"" phones from other companies) and the A3 is a worthy successor. The A3 improves on the A1 in several areas such as bigger storage (128 GB), better cameras (especially the selfie camera), bigger battery (4000 mAh) and faster charging (18W). It also has some more arguable changes like a OLED display instead of LCD (the jury is still out on which is better - each has different strengths) with a lower resolution (I was worried about the resolution, but in reality the resolution is good enough), fingerprint sensor in the front (I really loved the one on the back which was super-quick, but the one in the front is ok too...), and the glass instead of metal in the back. Thank god that after the wrong turn with the A2, Xioami kept the separate earphone jack in the A3 (although they moved it to the top of the phone). If you're getting this phone for your kids (which I wholeheartedly recommend), they'll love the stylish new look of this phone compared to the ""older"" design of the A1 - plus it has all those cool features the kids love to compare (your phone only has two cameras in the back? my A3 has three! I have 128 GB storage! your phone has those ugly bezels, mine doesn't!). One thing you should be aware of before buying this phone is the real story of its size. Xiaomi calls this a 6.1"" phone, which sounds significantly bigger than the A1's 5.5"". But it is NOT bigger. In fact, it is a smaller phone - it is narrower. Also its viewable screen area is smaller! The viewable screen is taller (without making the phone taller, because the bezels are gone) but it is narrower, resulting in a longer diagonal (this 6.1"" number) but a bit smaller screen area. There's nothing wrong with the bit-longer-but-bit-narrower screen but don't buy this phone expecting it's even bigger than the A1 - it is not. For better (easier to hold in one hand!) and for worse (if you were looking for a huge screen).",1.0,30-11-2019,3.0,2083
